#node1	node2	node1_string_id	node2_string_id	neighborhood_on_chromosome	gene_fusion	phylogenetic_cooccurrence	homology	coexpression	experimentally_determined_interaction	database_annotated	automated_textmining	combined_score
ATM	SIRT1	9606.ENSP00000278616	9606.ENSP00000212015	0	0	0	0	0.049	0	0	0.855	0.856
ATM	MAPK1	9606.ENSP00000278616	9606.ENSP00000215832	0	0	0	0	0.123	0.300	0	0.434	0.622
ATM	AURKA	9606.ENSP00000278616	9606.ENSP00000216911	0	0	0	0	0	0.071	0	0.507	0.522
ATM	RPA1	9606.ENSP00000278616	9606.ENSP00000254719	0	0	0	0	0.047	0.660	0.500	0.611	0.928
ATM	MDM2	9606.ENSP00000278616	9606.ENSP00000258149	0	0	0	0	0.092	0.621	0.750	0.955	0.995
ATM	CREBBP	9606.ENSP00000278616	9606.ENSP00000262367	0	0	0	0	0.060	0	0	0.487	0.497
ATM	EP300	9606.ENSP00000278616	9606.ENSP00000263253	0	0	0	0	0.074	0	0	0.900	0.904
ATM	DAXX	9606.ENSP00000278616	9606.ENSP00000266000	0	0	0	0	0.103	0.314	0	0.720	0.813
ATM	TP53	9606.ENSP00000278616	9606.ENSP00000269305	0	0	0	0	0.103	0.928	0.900	0.975	0.999
ATM	HIPK2	9606.ENSP00000278616	9606.ENSP00000385571	0	0	0	0	0	0	0	0.492	0.492
ATM	HSPA4	9606.ENSP00000278616	9606.ENSP00000302961	0	0	0	0	0.042	0	0	0.536	0.536
ATM	JUN	9606.ENSP00000278616	9606.ENSP00000360266	0	0	0	0	0	0	0	0.565	0.565
ATM	USP7	9606.ENSP00000278616	9606.ENSP00000343535	0	0	0	0	0.114	0	0	0.545	0.579
ATM	CCNG1	9606.ENSP00000278616	9606.ENSP00000344635	0	0	0	0	0.056	0.079	0	0.571	0.595
ATM	SFN	9606.ENSP00000278616	9606.ENSP00000340989	0	0	0	0	0.042	0.313	0	0.447	0.604
ATM	BCL2L1	9606.ENSP00000278616	9606.ENSP00000365230	0	0	0	0	0.060	0	0	0.609	0.617
ATM	HTT	9606.ENSP00000278616	9606.ENSP00000347184	0	0	0	0	0.049	0	0	0.619	0.622
ATM	NPM1	9606.ENSP00000278616	9606.ENSP00000296930	0	0	0	0	0.043	0.292	0	0.527	0.651
ATM	HIF1A	9606.ENSP00000278616	9606.ENSP00000437955	0	0	0	0	0.049	0.292	0	0.574	0.688
ATM	DNMT1	9606.ENSP00000278616	9606.ENSP00000352516	0	0	0	0	0.064	0.095	0	0.671	0.696
ATM	BCL2	9606.ENSP00000278616	9606.ENSP00000381185	0	0	0	0	0.110	0	0	0.690	0.712
ATM	CREB1	9606.ENSP00000278616	9606.ENSP00000387699	0	0	0	0	0.157	0.510	0	0.410	0.735
ATM	HSP90AA1	9606.ENSP00000278616	9606.ENSP00000335153	0	0	0	0	0.042	0	0	0.785	0.785
ATM	MAPK8	9606.ENSP00000278616	9606.ENSP00000378974	0	0	0	0	0.090	0.292	0.500	0.432	0.792
ATM	CDKN1A	9606.ENSP00000278616	9606.ENSP00000384849	0	0	0	0	0	0	0	0.807	0.807
ATM	CCNA2	9606.ENSP00000278616	9606.ENSP00000481380	0	0	0	0	0	0	0.500	0.645	0.815
ATM	FOXO3	9606.ENSP00000278616	9606.ENSP00000339527	0	0	0	0	0.052	0.292	0	0.761	0.826
ATM	CDKN2A	9606.ENSP00000278616	9606.ENSP00000418915	0	0	0	0	0.042	0.053	0	0.845	0.847
ATM	MYC	9606.ENSP00000278616	9606.ENSP00000478887	0	0	0	0	0.060	0.129	0	0.855	0.871
ATM	PTEN	9606.ENSP00000278616	9606.ENSP00000361021	0	0	0	0	0.087	0	0	0.892	0.897
ATM	HDAC1	9606.ENSP00000278616	9606.ENSP00000362649	0	0	0	0	0.076	0.331	0	0.923	0.948
ATM	MDM4	9606.ENSP00000278616	9606.ENSP00000356150	0	0	0	0	0.162	0	0.750	0.801	0.954
ATM	PRKDC	9606.ENSP00000278616	9606.ENSP00000313420	0	0	0	0.548	0.158	0.413	0.900	0.489	0.971
ATM	RAD51	9606.ENSP00000278616	9606.ENSP00000493712	0	0	0	0	0	0.485	0.800	0.958	0.995
ATM	KAT5	9606.ENSP00000278616	9606.ENSP00000340330	0	0	0	0	0.053	0.630	0.900	0.936	0.997
ATM	CHEK1	9606.ENSP00000278616	9606.ENSP00000391090	0	0	0	0	0.050	0.449	0.900	0.974	0.998
ATM	BRCA1	9606.ENSP00000278616	9606.ENSP00000418960	0	0	0	0	0.042	0.847	0.900	0.999	0.999
ATM	CHEK2	9606.ENSP00000278616	9606.ENSP00000372023	0	0	0	0	0.044	0.836	0.500	0.999	0.999
ATM	ATR	9606.ENSP00000278616	9606.ENSP00000343741	0	0	0	0.564	0.213	0.974	0.900	0.745	0.999
ATM	TP53BP1	9606.ENSP00000278616	9606.ENSP00000371475	0	0	0	0	0.042	0.874	0.500	0.995	0.999
ATR	SIRT1	9606.ENSP00000343741	9606.ENSP00000212015	0	0	0	0	0.129	0.095	0	0.406	0.491
ATR	RPA1	9606.ENSP00000343741	9606.ENSP00000254719	0	0	0	0	0.049	0.925	0.500	0.594	0.983
ATR	MDM2	9606.ENSP00000343741	9606.ENSP00000258149	0	0	0	0	0.067	0	0	0.447	0.461
ATR	EP300	9606.ENSP00000343741	9606.ENSP00000263253	0	0	0	0	0.049	0.329	0	0.310	0.522
ATR	TP53	9606.ENSP00000343741	9606.ENSP00000269305	0	0	0	0	0	0.838	0.900	0.781	0.996
ATR	NPM1	9606.ENSP00000343741	9606.ENSP00000296930	0	0	0	0	0.063	0.292	0	0.176	0.405
ATR	HSPA4	9606.ENSP00000343741	9606.ENSP00000302961	0	0	0	0	0.077	0.303	0	0.169	0.419
ATR	PRKDC	9606.ENSP00000343741	9606.ENSP00000313420	0	0	0	0.550	0.157	0.250	0	0.481	0.643
ATR	HSP90AA1	9606.ENSP00000343741	9606.ENSP00000335153	0	0	0	0	0.056	0.381	0	0.347	0.585
ATR	KAT5	9606.ENSP00000343741	9606.ENSP00000340330	0	0	0	0	0	0.071	0.500	0.374	0.684
ATR	CDKN1A	9606.ENSP00000343741	9606.ENSP00000384849	0	0	0	0	0	0	0	0.410	0.410
ATR	CCNG1	9606.ENSP00000343741	9606.ENSP00000344635	0	0	0	0	0.050	0.309	0	0.189	0.421
ATR	MYC	9606.ENSP00000343741	9606.ENSP00000478887	0	0	0	0	0.042	0	0	0.448	0.448
ATR	HDAC1	9606.ENSP00000343741	9606.ENSP00000362649	0	0	0	0	0.060	0.314	0	0.318	0.522
ATR	CDKN2A	9606.ENSP00000343741	9606.ENSP00000418915	0	0	0	0	0	0.292	0	0.373	0.537
ATR	RAD51	9606.ENSP00000343741	9606.ENSP00000493712	0	0	0	0	0.056	0.473	0.500	0.796	0.942
ATR	TP53BP1	9606.ENSP00000343741	9606.ENSP00000371475	0	0	0	0	0.055	0.884	0	0.792	0.975
ATR	BRCA1	9606.ENSP00000343741	9606.ENSP00000418960	0	0	0	0	0.106	0.838	0.900	0.812	0.996
ATR	CHEK2	9606.ENSP00000343741	9606.ENSP00000372023	0	0	0	0	0.049	0.970	0	0.955	0.998
ATR	CHEK1	9606.ENSP00000343741	9606.ENSP00000391090	0	0	0	0	0.059	0.974	0.900	0.947	0.999
AURKA	JUN	9606.ENSP00000216911	9606.ENSP00000360266	0	0	0	0	0	0.131	0	0.338	0.400
AURKA	CCNG1	9606.ENSP00000216911	9606.ENSP00000344635	0	0	0	0	0.210	0.091	0	0.257	0.420
AURKA	USP7	9606.ENSP00000216911	9606.ENSP00000343535	0	0	0	0	0	0.292	0	0.222	0.425
AURKA	DNMT1	9606.ENSP00000216911	9606.ENSP00000352516	0	0	0	0	0.218	0	0	0.305	0.433
AURKA	HIF1A	9606.ENSP00000216911	9606.ENSP00000437955	0	0	0	0	0.044	0.193	0	0.348	0.453
AURKA	PPP1R13L	9606.ENSP00000216911	9606.ENSP00000354218	0	0	0	0	0	0	0	0.456	0.456
AURKA	MAPK8	9606.ENSP00000216911	9606.ENSP00000378974	0	0	0.108	0.607	0	0	0	0.436	0.475
AURKA	CDKN1A	9606.ENSP00000216911	9606.ENSP00000384849	0	0	0	0	0	0.069	0	0.461	0.476
AURKA	BCL2L1	9606.ENSP00000216911	9606.ENSP00000365230	0	0	0	0	0	0.292	0	0.379	0.542
AURKA	HSP90AA1	9606.ENSP00000216911	9606.ENSP00000335153	0	0	0	0	0.062	0.381	0	0.331	0.578
AURKA	NPM1	9606.ENSP00000216911	9606.ENSP00000296930	0	0	0	0	0.200	0.366	0	0.277	0.601
AURKA	BCL2	9606.ENSP00000216911	9606.ENSP00000381185	0	0	0	0	0	0	0	0.625	0.625
AURKA	HSPA4	9606.ENSP00000216911	9606.ENSP00000302961	0	0	0	0	0.115	0.292	0	0.457	0.630
AURKA	MDM2	9606.ENSP00000216911	9606.ENSP00000258149	0	0	0	0	0.055	0.292	0	0.510	0.643
AURKA	EP300	9606.ENSP00000216911	9606.ENSP00000263253	0	0	0	0	0.103	0	0.500	0.286	0.652
AURKA	RAD51	9606.ENSP00000216911	9606.ENSP00000493712	0	0	0	0	0.451	0.071	0	0.407	0.671
AURKA	PTEN	9606.ENSP00000216911	9606.ENSP00000361021	0	0	0	0	0.074	0.099	0	0.682	0.711
AURKA	CDKN2A	9606.ENSP00000216911	9606.ENSP00000418915	0	0	0	0	0.070	0.126	0	0.686	0.723
AURKA	CHEK1	9606.ENSP00000216911	9606.ENSP00000391090	0	0	0	0.602	0.471	0.075	0	0.537	0.754
AURKA	MYC	9606.ENSP00000216911	9606.ENSP00000478887	0	0	0	0	0.099	0.175	0	0.893	0.914
AURKA	BRCA1	9606.ENSP00000216911	9606.ENSP00000418960	0	0	0	0	0.298	0.292	0	0.892	0.942
AURKA	CCNA2	9606.ENSP00000216911	9606.ENSP00000481380	0	0	0	0	0.853	0	0	0.669	0.949
AURKA	TP53	9606.ENSP00000216911	9606.ENSP00000269305	0	0	0	0	0.116	0.810	0.750	0.978	0.998
BAK1	TP53	9606.ENSP00000363591	9606.ENSP00000269305	0	0	0	0	0.054	0.791	0.900	0.866	0.997
BAK1	CDKN1A	9606.ENSP00000363591	9606.ENSP00000384849	0	0	0	0	0.106	0	0	0.393	0.435
BAK1	MAPK8	9606.ENSP00000363591	9606.ENSP00000378974	0	0	0	0	0.075	0.292	0	0.264	0.476
BAK1	BCL2L1	9606.ENSP00000363591	9606.ENSP00000365230	0	0	0	0.683	0.067	0.996	0.900	0.950	0.999
BAK1	BCL2	9606.ENSP00000363591	9606.ENSP00000381185	0	0	0	0.669	0	0.788	0.900	0.969	0.999
BCL2	SIRT1	9606.ENSP00000381185	9606.ENSP00000212015	0	0	0	0	0.058	0	0	0.739	0.744
BCL2	MAPK1	9606.ENSP00000381185	9606.ENSP00000215832	0	0	0	0	0.086	0.292	0.900	0.586	0.969
BCL2	DDX5	9606.ENSP00000381185	9606.ENSP00000225792	0	0	0	0	0.056	0	0	0.504	0.511
BCL2	TBP	9606.ENSP00000381185	9606.ENSP00000230354	0	0	0	0	0	0	0	0.401	0.401
BCL2	MDM2	9606.ENSP00000381185	9606.ENSP00000258149	0	0	0	0	0.056	0	0	0.953	0.953
BCL2	CREBBP	9606.ENSP00000381185	9606.ENSP00000262367	0	0	0	0	0.049	0	0	0.737	0.739
BCL2	EP300	9606.ENSP00000381185	9606.ENSP00000263253	0	0	0	0	0.049	0	0.500	0.747	0.869
BCL2	DAXX	9606.ENSP00000381185	9606.ENSP00000266000	0	0	0	0	0.083	0	0	0.538	0.558
BCL2	TP53	9606.ENSP00000381185	9606.ENSP00000269305	0	0	0	0	0.103	0.869	0.900	0.999	0.999
BCL2	NPM1	9606.ENSP00000381185	9606.ENSP00000296930	0	0	0	0	0.043	0	0	0.660	0.660
BCL2	HSPA9	9606.ENSP00000381185	9606.ENSP00000297185	0	0	0	0	0.044	0.345	0	0.396	0.588
BCL2	HSPA4	9606.ENSP00000381185	9606.ENSP00000302961	0	0	0	0	0	0	0	0.899	0.899
BCL2	PRKDC	9606.ENSP00000381185	9606.ENSP00000313420	0	0	0	0	0	0	0	0.415	0.414
BCL2	HSP90AA1	9606.ENSP00000381185	9606.ENSP00000335153	0	0	0	0	0.060	0.510	0	0.859	0.929
BCL2	FOXO3	9606.ENSP00000381185	9606.ENSP00000339527	0	0	0	0	0	0	0	0.730	0.730
BCL2	SFN	9606.ENSP00000381185	9606.ENSP00000340989	0	0	0	0	0.078	0	0	0.379	0.403
BCL2	TP53BP2	9606.ENSP00000381185	9606.ENSP00000341957	0	0	0	0	0.067	0.622	0	0.975	0.990
BCL2	HMGB1	9606.ENSP00000381185	9606.ENSP00000345347	0	0	0	0	0.086	0.095	0	0.558	0.602
BCL2	HTT	9606.ENSP00000381185	9606.ENSP00000347184	0	0	0	0	0.056	0	0	0.432	0.441
BCL2	DNMT1	9606.ENSP00000381185	9606.ENSP00000352516	0	0	0	0	0.044	0	0	0.570	0.571
BCL2	PPP1R13L	9606.ENSP00000381185	9606.ENSP00000354218	0	0	0	0	0.060	0	0	0.569	0.577
BCL2	MDM4	9606.ENSP00000381185	9606.ENSP00000356150	0	0	0	0	0.056	0.510	0	0.460	0.728
BCL2	JUN	9606.ENSP00000381185	9606.ENSP00000360266	0	0	0	0	0.047	0	0	0.927	0.927
BCL2	PTEN	9606.ENSP00000381185	9606.ENSP00000361021	0	0	0	0	0.049	0.057	0	0.810	0.815
BCL2	HDAC1	9606.ENSP00000381185	9606.ENSP00000362649	0	0	0	0	0.074	0	0	0.542	0.558
BCL2	BCL2L1	9606.ENSP00000381185	9606.ENSP00000365230	0	0	0	0.894	0	0.863	0.900	0.984	0.999
BCL2	CHEK2	9606.ENSP00000381185	9606.ENSP00000372023	0	0	0	0	0	0	0	0.572	0.572
BCL2	MAPK8	9606.ENSP00000381185	9606.ENSP00000378974	0	0	0	0	0.094	0.287	0.900	0.713	0.979
BCL2	CHEK1	9606.ENSP00000381185	9606.ENSP00000391090	0	0	0	0	0	0	0	0.583	0.583
BCL2	RAD51	9606.ENSP00000381185	9606.ENSP00000493712	0	0	0	0	0.054	0	0	0.592	0.597
BCL2	CCNA2	9606.ENSP00000381185	9606.ENSP00000481380	0	0	0	0	0	0	0	0.690	0.690
BCL2	CDKN2A	9606.ENSP00000381185	9606.ENSP00000418915	0	0	0	0	0	0.045	0	0.716	0.717
BCL2	BRCA1	9606.ENSP00000381185	9606.ENSP00000418960	0	0	0	0	0	0.201	0	0.760	0.800
BCL2	CDKN1A	9606.ENSP00000381185	9606.ENSP00000384849	0	0	0	0	0.087	0	0	0.811	0.820
BCL2	CREB1	9606.ENSP00000381185	9606.ENSP00000387699	0	0	0	0	0.061	0	0.750	0.708	0.925
BCL2	HIF1A	9606.ENSP00000381185	9606.ENSP00000437955	0	0	0	0	0	0.510	0	0.895	0.946
BCL2	MYC	9606.ENSP00000381185	9606.ENSP00000478887	0	0	0	0	0.065	0.300	0	0.937	0.955
BCL2L1	SIRT1	9606.ENSP00000365230	9606.ENSP00000212015	0	0	0	0	0.051	0	0	0.544	0.548
BCL2L1	MAPK1	9606.ENSP00000365230	9606.ENSP00000215832	0	0	0	0	0.107	0	0	0.648	0.672
BCL2L1	MDM2	9606.ENSP00000365230	9606.ENSP00000258149	0	0	0	0	0.056	0.095	0	0.779	0.794
BCL2L1	EP300	9606.ENSP00000365230	9606.ENSP00000263253	0	0	0	0	0.049	0	0	0.407	0.411
BCL2L1	DAXX	9606.ENSP00000365230	9606.ENSP00000266000	0	0	0	0	0.049	0	0	0.505	0.509
BCL2L1	TP53	9606.ENSP00000365230	9606.ENSP00000269305	0	0	0	0	0.074	0.986	0	0.998	0.999
BCL2L1	HSPA4	9606.ENSP00000365230	9606.ENSP00000302961	0	0	0	0	0.042	0	0	0.730	0.730
BCL2L1	HSP90AA1	9606.ENSP00000365230	9606.ENSP00000335153	0	0	0	0	0.060	0	0	0.721	0.727
BCL2L1	FOXO3	9606.ENSP00000365230	9606.ENSP00000339527	0	0	0	0	0.127	0	0	0.592	0.629
BCL2L1	TP53BP2	9606.ENSP00000365230	9606.ENSP00000341957	0	0	0	0	0.061	0.422	0	0.544	0.730
BCL2L1	MDM4	9606.ENSP00000365230	9606.ENSP00000356150	0	0	0	0	0.056	0.091	0	0.413	0.452
BCL2L1	JUN	9606.ENSP00000365230	9606.ENSP00000360266	0	0	0	0	0	0	0	0.706	0.706
BCL2L1	PTEN	9606.ENSP00000365230	9606.ENSP00000361021	0	0	0	0	0	0.057	0	0.664	0.669
BCL2L1	HDAC1	9606.ENSP00000365230	9606.ENSP00000362649	0	0	0	0	0.070	0	0	0.435	0.452
BCL2L1	BRCA1	9606.ENSP00000365230	9606.ENSP00000418960	0	0	0	0	0	0	0	0.448	0.448
BCL2L1	CHEK2	9606.ENSP00000365230	9606.ENSP00000372023	0	0	0	0	0	0	0	0.474	0.474
BCL2L1	CREB1	9606.ENSP00000365230	9606.ENSP00000387699	0	0	0	0	0.061	0	0	0.515	0.525
BCL2L1	CCNA2	9606.ENSP00000365230	9606.ENSP00000481380	0	0	0	0	0.042	0	0	0.583	0.584
BCL2L1	CHEK1	9606.ENSP00000365230	9606.ENSP00000391090	0	0	0	0	0	0.292	0	0.480	0.616
BCL2L1	HIF1A	9606.ENSP00000365230	9606.ENSP00000437955	0	0	0	0	0	0.094	0	0.655	0.674
BCL2L1	CDKN1A	9606.ENSP00000365230	9606.ENSP00000384849	0	0	0	0	0.134	0	0	0.673	0.704
BCL2L1	CDKN2A	9606.ENSP00000365230	9606.ENSP00000418915	0	0	0	0	0.049	0.294	0	0.745	0.814
BCL2L1	MYC	9606.ENSP00000365230	9606.ENSP00000478887	0	0	0	0	0.065	0	0	0.859	0.863
BCL2L1	MAPK8	9606.ENSP00000365230	9606.ENSP00000378974	0	0	0	0	0.057	0.678	0.900	0.593	0.986
BRCA1	SIRT1	9606.ENSP00000418960	9606.ENSP00000212015	0	0	0	0	0	0.292	0	0.699	0.777
BRCA1	MAPK1	9606.ENSP00000418960	9606.ENSP00000215832	0	0	0	0	0.049	0.292	0	0.340	0.516
BRCA1	DDX5	9606.ENSP00000418960	9606.ENSP00000225792	0	0	0	0	0	0	0	0.764	0.764
BRCA1	TBP	9606.ENSP00000418960	9606.ENSP00000230354	0	0	0	0	0.049	0	0	0.496	0.500
BRCA1	RPA1	9606.ENSP00000418960	9606.ENSP00000254719	0	0	0	0	0.078	0.803	0.500	0.614	0.960
BRCA1	MDM2	9606.ENSP00000418960	9606.ENSP00000258149	0	0	0	0	0	0	0	0.794	0.794
BRCA1	CREBBP	9606.ENSP00000418960	9606.ENSP00000262367	0	0	0	0	0.061	0.833	0	0.814	0.968
BRCA1	EP300	9606.ENSP00000418960	9606.ENSP00000263253	0	0	0	0	0.068	0.820	0	0.928	0.986
BRCA1	DAXX	9606.ENSP00000418960	9606.ENSP00000266000	0	0	0	0	0	0	0	0.578	0.578
BRCA1	TP53	9606.ENSP00000418960	9606.ENSP00000269305	0	0	0	0	0.067	0.895	0.500	0.999	0.999
BRCA1	NPM1	9606.ENSP00000418960	9606.ENSP00000296930	0	0	0	0	0.085	0.304	0	0.673	0.773
BRCA1	HSPA4	9606.ENSP00000418960	9606.ENSP00000302961	0	0	0	0	0.074	0	0	0.556	0.571
BRCA1	PRKDC	9606.ENSP00000418960	9606.ENSP00000313420	0	0	0	0	0.210	0.292	0.540	0.846	0.955
BRCA1	HSP90AA1	9606.ENSP00000418960	9606.ENSP00000335153	0	0	0	0	0.056	0.292	0	0.660	0.752
BRCA1	FOXO3	9606.ENSP00000418960	9606.ENSP00000339527	0	0	0	0	0	0.292	0	0.661	0.749
BRCA1	KAT5	9606.ENSP00000418960	9606.ENSP00000340330	0	0	0	0	0	0	0.500	0.714	0.850
BRCA1	SFN	9606.ENSP00000418960	9606.ENSP00000340989	0	0	0	0	0	0	0	0.432	0.432
BRCA1	USP7	9606.ENSP00000418960	9606.ENSP00000343535	0	0	0	0	0	0.164	0	0.628	0.676
BRCA1	DNMT1	9606.ENSP00000418960	9606.ENSP00000352516	0	0	0	0	0.167	0.164	0	0.735	0.799
BRCA1	MDM4	9606.ENSP00000418960	9606.ENSP00000356150	0	0	0	0	0	0	0	0.770	0.770
BRCA1	JUN	9606.ENSP00000418960	9606.ENSP00000360266	0	0	0	0	0	0.589	0	0.520	0.794
BRCA1	PTEN	9606.ENSP00000418960	9606.ENSP00000361021	0	0	0	0	0.067	0	0	0.816	0.821
BRCA1	HDAC1	9606.ENSP00000418960	9606.ENSP00000362649	0	0	0	0	0.055	0.510	0	0.917	0.958
BRCA1	TP53BP1	9606.ENSP00000418960	9606.ENSP00000371475	0	0	0	0	0.050	0.826	0.500	0.999	0.999
BRCA1	CHEK2	9606.ENSP00000418960	9606.ENSP00000372023	0	0	0	0	0.218	0.842	0.500	0.997	0.999
BRCA1	MAPK8	9606.ENSP00000418960	9606.ENSP00000378974	0	0	0	0	0.049	0	0	0.543	0.546
BRCA1	CDKN1A	9606.ENSP00000418960	9606.ENSP00000384849	0	0	0	0	0	0.292	0	0.742	0.809
BRCA1	CREB1	9606.ENSP00000418960	9606.ENSP00000387699	0	0	0	0	0.054	0.464	0	0.349	0.641
BRCA1	CHEK1	9606.ENSP00000418960	9606.ENSP00000391090	0	0	0	0	0.389	0.676	0.500	0.965	0.996
BRCA1	CDKN2A	9606.ENSP00000418960	9606.ENSP00000418915	0	0	0	0	0.045	0.309	0	0.766	0.832
BRCA1	UBE3A	9606.ENSP00000418960	9606.ENSP00000497594	0	0	0	0	0.049	0.292	0	0.370	0.538
BRCA1	HIF1A	9606.ENSP00000418960	9606.ENSP00000437955	0	0	0	0	0.044	0.292	0	0.507	0.637
BRCA1	CCNA2	9606.ENSP00000418960	9606.ENSP00000481380	0	0	0	0	0.387	0.510	0.500	0.746	0.956
BRCA1	MYC	9606.ENSP00000418960	9606.ENSP00000478887	0	0	0	0	0.049	0.825	0	0.995	0.999
BRCA1	RAD51	9606.ENSP00000418960	9606.ENSP00000493712	0	0	0	0	0.501	0.923	0.800	0.999	0.999
CCNA2	SIRT1	9606.ENSP00000481380	9606.ENSP00000212015	0	0	0	0	0.074	0.045	0	0.376	0.400
CCNA2	MAPK1	9606.ENSP00000481380	9606.ENSP00000215832	0	0.001	0	0	0.063	0	0	0.393	0.408
CCNA2	RPA1	9606.ENSP00000481380	9606.ENSP00000254719	0	0	0	0	0.166	0.292	0	0.559	0.717
CCNA2	MDM2	9606.ENSP00000481380	9606.ENSP00000258149	0	0	0	0	0.056	0	0.400	0.735	0.837
CCNA2	CREBBP	9606.ENSP00000481380	9606.ENSP00000262367	0	0	0	0	0.058	0.683	0	0.275	0.764
CCNA2	EP300	9606.ENSP00000481380	9606.ENSP00000263253	0	0	0	0	0.059	0.696	0	0.397	0.812
CCNA2	TP53	9606.ENSP00000481380	9606.ENSP00000269305	0	0	0	0	0.099	0.292	0.500	0.994	0.997
CCNA2	NPM1	9606.ENSP00000481380	9606.ENSP00000296930	0	0	0	0	0.229	0	0	0.305	0.441
CCNA2	PRKDC	9606.ENSP00000481380	9606.ENSP00000313420	0	0	0	0	0.149	0	0	0.571	0.619
CCNA2	HSP90AA1	9606.ENSP00000481380	9606.ENSP00000335153	0	0	0	0	0.072	0	0	0.399	0.418
CCNA2	FOXO3	9606.ENSP00000481380	9606.ENSP00000339527	0	0	0	0	0	0	0	0.564	0.564
CCNA2	KAT5	9606.ENSP00000481380	9606.ENSP00000340330	0	0	0	0	0	0	0.500	0.286	0.627
CCNA2	CCNG1	9606.ENSP00000481380	9606.ENSP00000344635	0	0	0	0.612	0.242	0.127	0	0.242	0.454
CCNA2	DNMT1	9606.ENSP00000481380	9606.ENSP00000352516	0	0	0	0	0.230	0.068	0	0.373	0.511
CCNA2	JUN	9606.ENSP00000481380	9606.ENSP00000360266	0	0	0	0	0	0	0	0.553	0.553
CCNA2	PTEN	9606.ENSP00000481380	9606.ENSP00000361021	0	0	0	0	0	0	0	0.511	0.511
CCNA2	HDAC1	9606.ENSP00000481380	9606.ENSP00000362649	0	0	0	0	0.100	0.292	0.500	0.465	0.806
CCNA2	TP53BP1	9606.ENSP00000481380	9606.ENSP00000371475	0	0	0	0	0.044	0	0.500	0.532	0.756
CCNA2	CHEK2	9606.ENSP00000481380	9606.ENSP00000372023	0	0	0	0	0.351	0	0	0.624	0.746
CCNA2	MAPK8	9606.ENSP00000481380	9606.ENSP00000378974	0	0	0	0	0.049	0	0	0.611	0.614
CCNA2	CDKN1A	9606.ENSP00000481380	9606.ENSP00000384849	0	0	0	0	0	0.924	0.900	0.995	0.999
CCNA2	CREB1	9606.ENSP00000481380	9606.ENSP00000387699	0	0	0	0	0.042	0	0	0.617	0.617
CCNA2	CHEK1	9606.ENSP00000481380	9606.ENSP00000391090	0	0	0	0	0.790	0	0	0.721	0.939
CCNA2	CDKN2A	9606.ENSP00000481380	9606.ENSP00000418915	0	0	0	0	0.056	0	0	0.692	0.696
CCNA2	HIF1A	9606.ENSP00000481380	9606.ENSP00000437955	0	0	0	0	0.054	0	0	0.455	0.462
CCNA2	MYC	9606.ENSP00000481380	9606.ENSP00000478887	0	0	0	0	0.087	0	0	0.720	0.734
CCNA2	RAD51	9606.ENSP00000481380	9606.ENSP00000493712	0	0	0	0	0.616	0	0	0.479	0.791
CCNG1	MDM2	9606.ENSP00000344635	9606.ENSP00000258149	0	0	0	0	0.104	0.355	0.500	0.740	0.915
CCNG1	TP53	9606.ENSP00000344635	9606.ENSP00000269305	0	0	0	0	0.117	0.525	0.750	0.983	0.998
CCNG1	MDM4	9606.ENSP00000344635	9606.ENSP00000356150	0	0	0	0	0.074	0.111	0	0.337	0.407
CCNG1	PTEN	9606.ENSP00000344635	9606.ENSP00000361021	0	0	0	0	0.084	0.108	0	0.367	0.438
CCNG1	CDKN2A	9606.ENSP00000344635	9606.ENSP00000418915	0	0	0	0	0	0.328	0	0.327	0.529
CCNG1	CHEK2	9606.ENSP00000344635	9606.ENSP00000372023	0	0	0	0	0.079	0.283	0	0.350	0.534
CCNG1	CDKN1A	9606.ENSP00000344635	9606.ENSP00000384849	0	0	0	0	0.043	0.045	0	0.615	0.618
CDKN1A	SIRT1	9606.ENSP00000384849	9606.ENSP00000212015	0	0	0	0	0	0	0	0.719	0.719
CDKN1A	MAPK1	9606.ENSP00000384849	9606.ENSP00000215832	0	0	0	0	0	0	0	0.732	0.732
CDKN1A	TBP	9606.ENSP00000384849	9606.ENSP00000230354	0	0	0	0	0.059	0	0	0.396	0.407
CDKN1A	MDM2	9606.ENSP00000384849	9606.ENSP00000258149	0	0	0	0	0.072	0.848	0	0.873	0.980
CDKN1A	CREBBP	9606.ENSP00000384849	9606.ENSP00000262367	0	0	0	0	0	0.783	0	0.577	0.904
CDKN1A	EP300	9606.ENSP00000384849	9606.ENSP00000263253	0	0	0	0	0	0.719	0	0.728	0.920
CDKN1A	TP53	9606.ENSP00000384849	9606.ENSP00000269305	0	0	0	0	0	0.925	0.900	0.960	0.999
CDKN1A	NPM1	9606.ENSP00000384849	9606.ENSP00000296930	0	0	0	0	0	0.510	0	0.348	0.666
CDKN1A	HSP90AA1	9606.ENSP00000384849	9606.ENSP00000335153	0	0	0	0	0.078	0.292	0.500	0.756	0.909
CDKN1A	FOXO3	9606.ENSP00000384849	9606.ENSP00000339527	0	0	0	0	0.072	0.294	0	0.994	0.995
CDKN1A	SFN	9606.ENSP00000384849	9606.ENSP00000340989	0	0	0	0	0.087	0.045	0	0.506	0.531
CDKN1A	TP53BP2	9606.ENSP00000384849	9606.ENSP00000341957	0	0	0	0	0.104	0	0	0.448	0.484
CDKN1A	DNMT1	9606.ENSP00000384849	9606.ENSP00000352516	0	0	0	0	0	0	0	0.543	0.543
CDKN1A	MDM4	9606.ENSP00000384849	9606.ENSP00000356150	0	0	0	0	0	0.512	0	0.518	0.754
CDKN1A	JUN	9606.ENSP00000384849	9606.ENSP00000360266	0	0	0	0	0.122	0.510	0	0.639	0.831
CDKN1A	PTEN	9606.ENSP00000384849	9606.ENSP00000361021	0	0	0	0	0	0	0	0.792	0.792
CDKN1A	HDAC1	9606.ENSP00000384849	9606.ENSP00000362649	0	0	0	0	0	0.775	0	0.587	0.903
CDKN1A	TP53BP1	9606.ENSP00000384849	9606.ENSP00000371475	0	0	0	0	0	0.439	0	0.524	0.721
CDKN1A	CHEK2	9606.ENSP00000384849	9606.ENSP00000372023	0	0	0	0	0.105	0.292	0	0.654	0.761
CDKN1A	MAPK8	9606.ENSP00000384849	9606.ENSP00000378974	0	0	0	0	0	0.510	0	0.626	0.808
CDKN1A	CREB1	9606.ENSP00000384849	9606.ENSP00000387699	0	0	0	0	0	0	0	0.578	0.578
CDKN1A	HIF1A	9606.ENSP00000384849	9606.ENSP00000437955	0	0	0	0	0.118	0	0	0.575	0.609
CDKN1A	CHEK1	9606.ENSP00000384849	9606.ENSP00000391090	0	0	0	0	0	0.292	0	0.647	0.740
CDKN1A	CDKN2A	9606.ENSP00000384849	9606.ENSP00000418915	0	0	0	0	0.060	0.049	0.500	0.933	0.966
CDKN1A	MYC	9606.ENSP00000384849	9606.ENSP00000478887	0	0	0	0	0.105	0.320	0.500	0.945	0.981
CDKN2A	SIRT1	9606.ENSP00000418915	9606.ENSP00000212015	0	0	0	0	0	0.093	0	0.594	0.616
CDKN2A	MAPK1	9606.ENSP00000418915	9606.ENSP00000215832	0	0	0	0	0.049	0.350	0	0.771	0.846
CDKN2A	MDM2	9606.ENSP00000418915	9606.ENSP00000258149	0	0	0	0	0.068	0.992	0.900	0.999	0.999
CDKN2A	CREBBP	9606.ENSP00000418915	9606.ENSP00000262367	0	0	0	0	0	0	0.500	0.524	0.751
CDKN2A	EP300	9606.ENSP00000418915	9606.ENSP00000263253	0	0	0	0	0.042	0.133	0.500	0.702	0.859
CDKN2A	DAXX	9606.ENSP00000418915	9606.ENSP00000266000	0	0	0	0	0.064	0.334	0	0.448	0.626
CDKN2A	TP53	9606.ENSP00000418915	9606.ENSP00000269305	0	0	0	0	0	0.874	0.900	0.970	0.999
CDKN2A	NPM1	9606.ENSP00000418915	9606.ENSP00000296930	0	0	0	0	0	0.874	0	0.995	0.999
CDKN2A	HSPA9	9606.ENSP00000418915	9606.ENSP00000297185	0	0	0	0	0.042	0.370	0	0.176	0.460
CDKN2A	HSPA4	9606.ENSP00000418915	9606.ENSP00000302961	0	0	0	0	0.042	0.145	0	0.381	0.448
CDKN2A	PRKDC	9606.ENSP00000418915	9606.ENSP00000313420	0	0	0	0	0.042	0.107	0	0.613	0.640
CDKN2A	HSP90AA1	9606.ENSP00000418915	9606.ENSP00000335153	0	0	0	0	0.042	0.133	0	0.492	0.541
CDKN2A	FOXO3	9606.ENSP00000418915	9606.ENSP00000339527	0	0	0	0	0	0.059	0	0.756	0.760
CDKN2A	KAT5	9606.ENSP00000418915	9606.ENSP00000340330	0	0	0	0	0	0.295	0	0.370	0.537
CDKN2A	SFN	9606.ENSP00000418915	9606.ENSP00000340989	0	0	0	0	0.056	0.094	0	0.480	0.516
CDKN2A	USP7	9606.ENSP00000418915	9606.ENSP00000343535	0	0	0	0	0.044	0.046	0.500	0.403	0.691
CDKN2A	HMGB1	9606.ENSP00000418915	9606.ENSP00000345347	0	0	0	0	0.042	0.045	0	0.540	0.543
CDKN2A	DNMT1	9606.ENSP00000418915	9606.ENSP00000352516	0	0	0	0	0.057	0	0	0.698	0.703
CDKN2A	MDM4	9606.ENSP00000418915	9606.ENSP00000356150	0	0	0	0	0.068	0.441	0.700	0.795	0.963
CDKN2A	JUN	9606.ENSP00000418915	9606.ENSP00000360266	0	0	0	0	0.051	0	0	0.776	0.779
CDKN2A	PTEN	9606.ENSP00000418915	9606.ENSP00000361021	0	0	0	0	0.053	0.188	0	0.908	0.923
CDKN2A	HDAC1	9606.ENSP00000418915	9606.ENSP00000362649	0	0	0	0	0	0.331	0	0.705	0.794
CDKN2A	TP53BP1	9606.ENSP00000418915	9606.ENSP00000371475	0	0	0	0	0.042	0	0	0.514	0.514
CDKN2A	CHEK2	9606.ENSP00000418915	9606.ENSP00000372023	0	0	0	0	0.044	0	0	0.758	0.758
CDKN2A	MAPK8	9606.ENSP00000418915	9606.ENSP00000378974	0	0	0	0	0.049	0.314	0	0.772	0.838
CDKN2A	CREB1	9606.ENSP00000418915	9606.ENSP00000387699	0	0	0	0	0.042	0.046	0	0.615	0.617
CDKN2A	CHEK1	9606.ENSP00000418915	9606.ENSP00000391090	0	0	0	0	0.072	0.055	0	0.711	0.724
CDKN2A	UBE3A	9606.ENSP00000418915	9606.ENSP00000497594	0	0	0	0	0.049	0	0	0.395	0.400
CDKN2A	RAD51	9606.ENSP00000418915	9606.ENSP00000493712	0	0	0	0	0.056	0	0	0.436	0.444
CDKN2A	HIF1A	9606.ENSP00000418915	9606.ENSP00000437955	0	0	0	0	0	0.426	0	0.927	0.956
CDKN2A	MYC	9606.ENSP00000418915	9606.ENSP00000478887	0	0	0	0	0.055	0.783	0.900	0.929	0.998
CHEK1	SIRT1	9606.ENSP00000391090	9606.ENSP00000212015	0	0	0	0	0.049	0.092	0	0.406	0.443
CHEK1	RPA1	9606.ENSP00000391090	9606.ENSP00000254719	0	0	0	0	0.080	0	0.500	0.714	0.857
CHEK1	MDM2	9606.ENSP00000391090	9606.ENSP00000258149	0	0	0	0	0.060	0	0	0.693	0.699
CHEK1	TP53	9606.ENSP00000391090	9606.ENSP00000269305	0	0	0	0	0.074	0.783	0.900	0.906	0.997
CHEK1	HSPA4	9606.ENSP00000391090	9606.ENSP00000302961	0	0	0	0	0.102	0.045	0	0.545	0.575
CHEK1	PRKDC	9606.ENSP00000391090	9606.ENSP00000313420	0	0	0	0	0.124	0.504	0	0.847	0.928
CHEK1	HSP90AA1	9606.ENSP00000391090	9606.ENSP00000335153	0	0	0	0	0.124	0.603	0	0.711	0.891
CHEK1	KAT5	9606.ENSP00000391090	9606.ENSP00000340330	0	0	0	0	0	0.211	0.500	0.440	0.759
CHEK1	SFN	9606.ENSP00000391090	9606.ENSP00000340989	0	0	0	0	0.043	0.483	0	0.441	0.699
CHEK1	USP7	9606.ENSP00000391090	9606.ENSP00000343535	0	0	0	0	0.049	0.820	0	0.465	0.900
CHEK1	DNMT1	9606.ENSP00000391090	9606.ENSP00000352516	0	0	0	0	0.165	0.510	0	0.351	0.711
CHEK1	MDM4	9606.ENSP00000391090	9606.ENSP00000356150	0	0	0	0	0	0.510	0	0.496	0.742
CHEK1	JUN	9606.ENSP00000391090	9606.ENSP00000360266	0	0	0	0	0	0.131	0	0.444	0.496
CHEK1	PTEN	9606.ENSP00000391090	9606.ENSP00000361021	0	0	0	0	0	0.165	0	0.760	0.791
CHEK1	HDAC1	9606.ENSP00000391090	9606.ENSP00000362649	0	0.058	0	0	0.049	0.051	0	0.549	0.566
CHEK1	TP53BP1	9606.ENSP00000391090	9606.ENSP00000371475	0	0	0	0	0.054	0.935	0	0.892	0.992
CHEK1	CHEK2	9606.ENSP00000391090	9606.ENSP00000372023	0	0	0	0.593	0.298	0.922	0	0.526	0.971
CHEK1	HIF1A	9606.ENSP00000391090	9606.ENSP00000437955	0	0	0	0	0.062	0	0	0.417	0.429
CHEK1	MYC	9606.ENSP00000391090	9606.ENSP00000478887	0	0	0	0	0.085	0	0	0.749	0.760
CHEK1	RAD51	9606.ENSP00000391090	9606.ENSP00000493712	0	0	0	0	0.573	0.553	0.750	0.973	0.998
CHEK2	SIRT1	9606.ENSP00000372023	9606.ENSP00000212015	0	0	0	0	0	0.387	0	0.662	0.784
CHEK2	MAPK1	9606.ENSP00000372023	9606.ENSP00000215832	0	0	0	0.675	0.056	0.612	0	0.154	0.663
CHEK2	RPA1	9606.ENSP00000372023	9606.ENSP00000254719	0	0	0	0	0.089	0.100	0	0.565	0.612
CHEK2	MDM2	9606.ENSP00000372023	9606.ENSP00000258149	0	0	0	0	0.049	0.625	0.750	0.837	0.983
CHEK2	EP300	9606.ENSP00000372023	9606.ENSP00000263253	0	0	0	0	0	0	0	0.400	0.400
CHEK2	DAXX	9606.ENSP00000372023	9606.ENSP00000266000	0	0	0	0	0	0.093	0	0.374	0.408
CHEK2	TP53	9606.ENSP00000372023	9606.ENSP00000269305	0	0	0	0	0.072	0.833	0.750	0.992	0.999
CHEK2	PRKDC	9606.ENSP00000372023	9606.ENSP00000313420	0	0	0	0	0.063	0.553	0	0.861	0.937
CHEK2	RCHY1	9606.ENSP00000372023	9606.ENSP00000321239	0	0	0	0	0	0.301	0	0.325	0.508
CHEK2	HSP90AA1	9606.ENSP00000372023	9606.ENSP00000335153	0	0	0	0	0.049	0.071	0	0.401	0.425
CHEK2	FOXO3	9606.ENSP00000372023	9606.ENSP00000339527	0	0	0	0	0	0.052	0	0.620	0.625
CHEK2	KAT5	9606.ENSP00000372023	9606.ENSP00000340330	0	0	0	0	0	0	0.500	0.521	0.750
CHEK2	SFN	9606.ENSP00000372023	9606.ENSP00000340989	0	0	0	0	0	0.117	0	0.411	0.457
CHEK2	USP7	9606.ENSP00000372023	9606.ENSP00000343535	0	0	0	0	0	0.292	0	0.562	0.676
CHEK2	MDM4	9606.ENSP00000372023	9606.ENSP00000356150	0	0	0	0	0.042	0.292	0.750	0.583	0.920
CHEK2	JUN	9606.ENSP00000372023	9606.ENSP00000360266	0	0	0	0	0	0	0	0.417	0.416
CHEK2	PTEN	9606.ENSP00000372023	9606.ENSP00000361021	0	0.008	0	0	0	0.082	0	0.802	0.810
CHEK2	HDAC1	9606.ENSP00000372023	9606.ENSP00000362649	0	0	0	0	0.056	0.132	0	0.384	0.451
CHEK2	TP53BP1	9606.ENSP00000372023	9606.ENSP00000371475	0	0	0	0	0.049	0.883	0.500	0.951	0.996
CHEK2	HIF1A	9606.ENSP00000372023	9606.ENSP00000437955	0	0	0	0	0.060	0	0	0.391	0.403
CHEK2	MYC	9606.ENSP00000372023	9606.ENSP00000478887	0	0	0	0	0.061	0	0	0.608	0.616
CHEK2	RAD51	9606.ENSP00000372023	9606.ENSP00000493712	0	0	0	0	0.273	0.252	0	0.882	0.930
CREB1	SIRT1	9606.ENSP00000387699	9606.ENSP00000212015	0	0	0	0	0.137	0.292	0	0.670	0.781
CREB1	MAPK1	9606.ENSP00000387699	9606.ENSP00000215832	0	0	0	0	0.194	0	0.900	0.575	0.962
CREB1	TBP	9606.ENSP00000387699	9606.ENSP00000230354	0	0	0	0	0.164	0	0	0.697	0.735
CREB1	MDM2	9606.ENSP00000387699	9606.ENSP00000258149	0	0	0	0	0.092	0	0	0.623	0.643
CREB1	CREBBP	9606.ENSP00000387699	9606.ENSP00000262367	0	0	0	0	0.155	0.996	0.900	0.997	0.999
CREB1	EP300	9606.ENSP00000387699	9606.ENSP00000263253	0	0	0	0	0.149	0.875	0.900	0.997	0.999
CREB1	DAXX	9606.ENSP00000387699	9606.ENSP00000266000	0	0	0	0	0.111	0.292	0	0.213	0.461
CREB1	TP53	9606.ENSP00000387699	9606.ENSP00000269305	0	0	0	0	0.049	0.776	0	0.992	0.998
CREB1	HSPA4	9606.ENSP00000387699	9606.ENSP00000302961	0	0	0	0	0.055	0.119	0	0.642	0.676
CREB1	HSP90AA1	9606.ENSP00000387699	9606.ENSP00000335153	0	0	0	0	0.049	0	0	0.419	0.423
CREB1	FOXO3	9606.ENSP00000387699	9606.ENSP00000339527	0	0	0	0	0.155	0.094	0	0.561	0.634
CREB1	KAT5	9606.ENSP00000387699	9606.ENSP00000340330	0	0	0	0	0.049	0.292	0	0.370	0.538
CREB1	USP7	9606.ENSP00000387699	9606.ENSP00000343535	0	0	0	0	0.067	0.292	0	0.181	0.411
CREB1	HTT	9606.ENSP00000387699	9606.ENSP00000347184	0	0	0	0	0.060	0.314	0.800	0.882	0.982
CREB1	DNMT1	9606.ENSP00000387699	9606.ENSP00000352516	0	0	0	0	0.055	0	0	0.468	0.475
CREB1	JUN	9606.ENSP00000387699	9606.ENSP00000360266	0	0	0	0	0	0.400	0	0.997	0.998
CREB1	PTEN	9606.ENSP00000387699	9606.ENSP00000361021	0	0	0	0	0.060	0.292	0	0.591	0.704
CREB1	HDAC1	9606.ENSP00000387699	9606.ENSP00000362649	0	0	0	0	0.099	0.511	0	0.745	0.877
CREB1	MAPK8	9606.ENSP00000387699	9606.ENSP00000378974	0	0	0	0	0.095	0	0	0.748	0.762
CREB1	HIPK2	9606.ENSP00000387699	9606.ENSP00000385571	0	0	0	0	0.044	0	0	0.552	0.554
CREB1	MYC	9606.ENSP00000387699	9606.ENSP00000478887	0	0	0	0	0.057	0	0	0.785	0.789
CREB1	HIF1A	9606.ENSP00000387699	9606.ENSP00000437955	0	0	0	0	0.109	0.292	0	0.757	0.833
CREBBP	SIRT1	9606.ENSP00000262367	9606.ENSP00000212015	0	0	0	0	0.088	0.101	0	0.724	0.754
CREBBP	MAPK1	9606.ENSP00000262367	9606.ENSP00000215832	0	0	0	0	0.082	0.510	0	0.598	0.803
CREBBP	DDX5	9606.ENSP00000262367	9606.ENSP00000225792	0	0	0	0	0.088	0.299	0	0.204	0.447
CREBBP	TBP	9606.ENSP00000262367	9606.ENSP00000230354	0	0	0	0	0.070	0.292	0	0.464	0.616
CREBBP	MDM2	9606.ENSP00000262367	9606.ENSP00000258149	0	0	0	0	0.122	0.625	0	0.746	0.909
CREBBP	HSP90AA1	9606.ENSP00000262367	9606.ENSP00000335153	0	0.005	0	0	0.066	0	0	0.398	0.415
CREBBP	DNMT1	9606.ENSP00000262367	9606.ENSP00000352516	0	0	0	0	0.062	0	0	0.470	0.482
CREBBP	TP53BP1	9606.ENSP00000262367	9606.ENSP00000371475	0	0	0	0	0.067	0.439	0	0.201	0.545
CREBBP	PTEN	9606.ENSP00000262367	9606.ENSP00000361021	0	0	0	0	0.075	0.088	0	0.511	0.552
CREBBP	HMGB1	9606.ENSP00000262367	9606.ENSP00000345347	0	0	0	0	0.085	0.293	0	0.481	0.635
CREBBP	MAPK8	9606.ENSP00000262367	9606.ENSP00000378974	0	0	0	0	0.074	0	0	0.684	0.694
CREBBP	USP7	9606.ENSP00000262367	9606.ENSP00000343535	0	0	0.216	0	0.139	0.292	0	0.540	0.751
CREBBP	HIPK2	9606.ENSP00000262367	9606.ENSP00000385571	0	0	0	0	0.122	0.311	0	0.703	0.805
CREBBP	KAT5	9606.ENSP00000262367	9606.ENSP00000340330	0	0	0	0	0.106	0.292	0	0.734	0.817
CREBBP	DAXX	9606.ENSP00000262367	9606.ENSP00000266000	0	0	0	0	0.055	0.634	0	0.579	0.842
CREBBP	MYC	9606.ENSP00000262367	9606.ENSP00000478887	0	0	0	0	0.086	0.583	0.500	0.746	0.945
CREBBP	HDAC1	9606.ENSP00000262367	9606.ENSP00000362649	0	0	0	0	0.099	0.537	0.500	0.833	0.960
CREBBP	JUN	9606.ENSP00000262367	9606.ENSP00000360266	0	0	0	0	0.049	0.839	0	0.969	0.994
CREBBP	FOXO3	9606.ENSP00000262367	9606.ENSP00000339527	0	0	0	0	0.161	0.971	0.500	0.627	0.995
CREBBP	HTT	9606.ENSP00000262367	9606.ENSP00000347184	0	0	0	0	0.123	0.832	0	0.982	0.997
CREBBP	HIF1A	9606.ENSP00000262367	9606.ENSP00000437955	0	0	0	0	0.061	0.991	0.900	0.990	0.999
CREBBP	TP53	9606.ENSP00000262367	9606.ENSP00000269305	0	0	0	0	0	0.998	0.900	0.996	0.999
CREBBP	EP300	9606.ENSP00000262367	9606.ENSP00000263253	0	0	0.062	0.956	0.839	0.782	0.900	0.983	0.999
DAXX	MDM2	9606.ENSP00000266000	9606.ENSP00000258149	0	0	0	0	0.047	0.842	0.500	0.953	0.995
DAXX	KAT5	9606.ENSP00000266000	9606.ENSP00000340330	0	0	0	0	0.075	0.125	0	0.553	0.606
DAXX	MYC	9606.ENSP00000266000	9606.ENSP00000478887	0	0	0	0	0.063	0.183	0	0.617	0.681
DAXX	JUN	9606.ENSP00000266000	9606.ENSP00000360266	0	0	0	0	0.062	0.330	0	0.602	0.728
DAXX	MDM4	9606.ENSP00000266000	9606.ENSP00000356150	0	0	0	0	0.047	0.314	0.500	0.311	0.744
DAXX	PTEN	9606.ENSP00000266000	9606.ENSP00000361021	0	0	0	0	0	0.314	0	0.690	0.778
DAXX	HIPK2	9606.ENSP00000266000	9606.ENSP00000385571	0	0	0	0	0	0.646	0	0.625	0.861
DAXX	HDAC1	9606.ENSP00000266000	9606.ENSP00000362649	0	0	0	0	0.106	0.796	0	0.605	0.922
DAXX	DNMT1	9606.ENSP00000266000	9606.ENSP00000352516	0	0	0	0	0.048	0.735	0	0.738	0.928
DAXX	MAPK8	9606.ENSP00000266000	9606.ENSP00000378974	0	0	0	0	0.093	0.109	0.900	0.251	0.931
DAXX	TP53	9606.ENSP00000266000	9606.ENSP00000269305	0	0	0	0	0.122	0.895	0.900	0.952	0.999
DAXX	USP7	9606.ENSP00000266000	9606.ENSP00000343535	0	0	0	0	0.056	0.833	0.800	0.994	0.999
DDX5	HSPA4	9606.ENSP00000225792	9606.ENSP00000302961	0	0	0	0	0.070	0.091	0	0.381	0.431
DDX5	MYC	9606.ENSP00000225792	9606.ENSP00000478887	0	0	0	0	0.048	0.174	0	0.399	0.486
DDX5	KAT5	9606.ENSP00000225792	9606.ENSP00000340330	0	0	0	0	0.047	0.071	0.500	0.150	0.573
DDX5	HSP90AA1	9606.ENSP00000225792	9606.ENSP00000335153	0.042	0	0	0	0.275	0.100	0	0.485	0.635
DDX5	TBP	9606.ENSP00000225792	9606.ENSP00000230354	0	0.023	0	0	0.067	0.325	0.500	0.193	0.712
DDX5	EP300	9606.ENSP00000225792	9606.ENSP00000263253	0	0	0	0	0.085	0.631	0.500	0.566	0.917
DDX5	HDAC1	9606.ENSP00000225792	9606.ENSP00000362649	0	0	0	0	0.230	0.785	0	0.690	0.944
DDX5	TP53	9606.ENSP00000225792	9606.ENSP00000269305	0	0	0	0	0	0.780	0	0.987	0.997
DNMT1	SIRT1	9606.ENSP00000352516	9606.ENSP00000212015	0	0	0	0	0.047	0.597	0	0.815	0.922
DNMT1	MDM2	9606.ENSP00000352516	9606.ENSP00000258149	0	0	0	0	0.049	0	0	0.658	0.660
DNMT1	EP300	9606.ENSP00000352516	9606.ENSP00000263253	0	0	0	0	0.060	0.074	0	0.603	0.625
DNMT1	TP53	9606.ENSP00000352516	9606.ENSP00000269305	0	0	0	0	0.059	0.597	0	0.994	0.997
DNMT1	HSPA4	9606.ENSP00000352516	9606.ENSP00000302961	0	0	0	0	0.062	0.294	0	0.327	0.516
DNMT1	PRKDC	9606.ENSP00000352516	9606.ENSP00000313420	0	0	0	0	0.212	0	0	0.275	0.404
DNMT1	HSP90AA1	9606.ENSP00000352516	9606.ENSP00000335153	0	0	0	0	0.077	0	0	0.630	0.644
DNMT1	FOXO3	9606.ENSP00000352516	9606.ENSP00000339527	0	0	0	0	0	0	0	0.418	0.418
DNMT1	KAT5	9606.ENSP00000352516	9606.ENSP00000340330	0	0	0	0	0	0.516	0	0.691	0.844
DNMT1	USP7	9606.ENSP00000352516	9606.ENSP00000343535	0	0	0	0	0.106	0.987	0	0.919	0.999
DNMT1	RAD51	9606.ENSP00000352516	9606.ENSP00000493712	0	0	0	0	0.190	0.053	0	0.335	0.445
DNMT1	UBE3A	9606.ENSP00000352516	9606.ENSP00000497594	0	0	0	0	0.049	0.292	0	0.290	0.480
DNMT1	JUN	9606.ENSP00000352516	9606.ENSP00000360266	0	0	0	0	0	0.131	0	0.456	0.507
DNMT1	HIF1A	9606.ENSP00000352516	9606.ENSP00000437955	0	0	0	0	0.044	0	0	0.530	0.531
DNMT1	PTEN	9606.ENSP00000352516	9606.ENSP00000361021	0	0	0	0	0.054	0	0	0.597	0.602
DNMT1	MYC	9606.ENSP00000352516	9606.ENSP00000478887	0	0	0	0	0.072	0.394	0	0.735	0.837
DNMT1	HDAC1	9606.ENSP00000352516	9606.ENSP00000362649	0	0	0	0	0.146	0.885	0.800	0.998	0.999
EP300	SIRT1	9606.ENSP00000263253	9606.ENSP00000212015	0	0	0	0	0.138	0.698	0	0.902	0.972
EP300	MAPK1	9606.ENSP00000263253	9606.ENSP00000215832	0	0	0	0	0.082	0.510	0	0.629	0.818
EP300	TBP	9606.ENSP00000263253	9606.ENSP00000230354	0	0	0	0	0.077	0.292	0.500	0.855	0.946
EP300	RPA1	9606.ENSP00000263253	9606.ENSP00000254719	0	0	0	0	0.047	0.133	0	0.406	0.466
EP300	MDM2	9606.ENSP00000263253	9606.ENSP00000258149	0	0	0	0	0.152	0.820	0	0.994	0.999
EP300	TP53BP2	9606.ENSP00000263253	9606.ENSP00000341957	0	0	0	0	0.060	0.292	0	0.189	0.413
EP300	TP53BP1	9606.ENSP00000263253	9606.ENSP00000371475	0	0	0	0	0.053	0.188	0	0.348	0.454
EP300	HMGB1	9606.ENSP00000263253	9606.ENSP00000345347	0	0	0	0	0.062	0.322	0	0.213	0.456
EP300	RAD51	9606.ENSP00000263253	9606.ENSP00000493712	0	0	0	0	0.080	0	0	0.513	0.533
EP300	MDM4	9606.ENSP00000263253	9606.ENSP00000356150	0	0	0	0	0.121	0.292	0	0.353	0.562
EP300	PPP1R13L	9606.ENSP00000263253	9606.ENSP00000354218	0	0	0	0	0.047	0.510	0	0.151	0.568
EP300	PTEN	9606.ENSP00000263253	9606.ENSP00000361021	0	0	0	0	0.062	0.071	0	0.574	0.596
EP300	PRKDC	9606.ENSP00000263253	9606.ENSP00000313420	0	0	0	0	0.075	0.371	0	0.364	0.598
EP300	USP7	9606.ENSP00000263253	9606.ENSP00000343535	0	0	0	0	0.182	0.292	0	0.402	0.623
EP300	UBE3A	9606.ENSP00000263253	9606.ENSP00000497594	0	0	0	0	0.108	0	0	0.604	0.631
EP300	HTT	9606.ENSP00000263253	9606.ENSP00000347184	0	0	0	0	0.169	0	0	0.587	0.643
EP300	MAPK8	9606.ENSP00000263253	9606.ENSP00000378974	0	0	0	0	0.082	0.292	0	0.576	0.700
EP300	NPM1	9606.ENSP00000263253	9606.ENSP00000296930	0	0	0	0	0.044	0.539	0	0.558	0.788
EP300	HSP90AA1	9606.ENSP00000263253	9606.ENSP00000335153	0	0.003	0	0	0.066	0.292	0.500	0.490	0.809
EP300	HIPK2	9606.ENSP00000263253	9606.ENSP00000385571	0	0	0	0	0.140	0.523	0.400	0.592	0.886
EP300	KAT5	9606.ENSP00000263253	9606.ENSP00000340330	0	0	0	0	0.144	0.510	0.400	0.882	0.966
EP300	FOXO3	9606.ENSP00000263253	9606.ENSP00000339527	0	0	0	0	0.143	0.666	0.700	0.909	0.991
EP300	TP53	9606.ENSP00000263253	9606.ENSP00000269305	0	0	0	0	0.049	0.999	0.900	0.998	0.999
EP300	JUN	9606.ENSP00000263253	9606.ENSP00000360266	0	0	0	0	0.044	0.885	0.500	0.991	0.999
EP300	HIF1A	9606.ENSP00000263253	9606.ENSP00000437955	0	0	0	0	0.082	0.999	0.900	0.996	0.999
EP300	HDAC1	9606.ENSP00000263253	9606.ENSP00000362649	0	0	0	0	0.049	0.806	0.500	0.995	0.999
EP300	MYC	9606.ENSP00000263253	9606.ENSP00000478887	0	0	0	0	0.086	0.783	0.500	0.994	0.999
FOXO3	SIRT1	9606.ENSP00000339527	9606.ENSP00000212015	0	0	0	0	0.060	0.774	0.900	0.964	0.999
FOXO3	MAPK1	9606.ENSP00000339527	9606.ENSP00000215832	0	0	0	0	0.147	0.303	0.900	0.461	0.963
FOXO3	MDM2	9606.ENSP00000339527	9606.ENSP00000258149	0	0	0	0	0.049	0.742	0	0.982	0.995
FOXO3	TP53	9606.ENSP00000339527	9606.ENSP00000269305	0	0	0	0	0	0.776	0	0.991	0.998
FOXO3	HSPA4	9606.ENSP00000339527	9606.ENSP00000302961	0	0	0	0	0.060	0	0	0.390	0.402
FOXO3	HSP90AA1	9606.ENSP00000339527	9606.ENSP00000335153	0	0	0	0	0	0.067	0	0.478	0.492
FOXO3	HDAC1	9606.ENSP00000339527	9606.ENSP00000362649	0	0	0	0	0.049	0.093	0	0.444	0.479
FOXO3	JUN	9606.ENSP00000339527	9606.ENSP00000360266	0	0	0	0	0.067	0.094	0	0.753	0.773
FOXO3	SFN	9606.ENSP00000339527	9606.ENSP00000340989	0	0	0	0	0	0.178	0.500	0.525	0.788
FOXO3	KAT5	9606.ENSP00000339527	9606.ENSP00000340330	0	0	0	0	0.052	0.064	0	0.823	0.829
FOXO3	PTEN	9606.ENSP00000339527	9606.ENSP00000361021	0	0	0	0	0.061	0.099	0	0.840	0.853
FOXO3	MYC	9606.ENSP00000339527	9606.ENSP00000478887	0	0	0	0	0.084	0.299	0.540	0.624	0.874
FOXO3	MAPK8	9606.ENSP00000339527	9606.ENSP00000378974	0	0	0	0	0.060	0.099	0.900	0.525	0.954
FOXO3	USP7	9606.ENSP00000339527	9606.ENSP00000343535	0	0	0	0	0.155	0.535	0.900	0.356	0.971
FOXO3	HIF1A	9606.ENSP00000339527	9606.ENSP00000437955	0	0	0	0	0.049	0.311	0.400	0.995	0.997
HDAC1	SIRT1	9606.ENSP00000362649	9606.ENSP00000212015	0	0	0	0	0	0.528	0	0.987	0.993
HDAC1	MAPK1	9606.ENSP00000362649	9606.ENSP00000215832	0	0	0	0	0.072	0.071	0	0.503	0.534
HDAC1	TBP	9606.ENSP00000362649	9606.ENSP00000230354	0.057	0	0	0	0.105	0.292	0.400	0.682	0.865
HDAC1	MDM2	9606.ENSP00000362649	9606.ENSP00000258149	0	0	0	0	0.061	0.737	0	0.863	0.963
HDAC1	TP53	9606.ENSP00000362649	9606.ENSP00000269305	0	0	0	0	0.109	0.924	0.500	0.994	0.999
HDAC1	NPM1	9606.ENSP00000362649	9606.ENSP00000296930	0	0	0	0	0.140	0.292	0	0.307	0.541
HDAC1	HSPA4	9606.ENSP00000362649	9606.ENSP00000302961	0	0	0	0	0.088	0.314	0	0.884	0.921
HDAC1	PRKDC	9606.ENSP00000362649	9606.ENSP00000313420	0	0	0	0	0.082	0	0	0.391	0.417
HDAC1	HSP90AA1	9606.ENSP00000362649	9606.ENSP00000335153	0	0	0	0	0.071	0.091	0	0.742	0.764
HDAC1	KAT5	9606.ENSP00000362649	9606.ENSP00000340330	0	0	0	0	0.081	0.398	0.500	0.954	0.985
HDAC1	USP7	9606.ENSP00000362649	9606.ENSP00000343535	0	0	0	0	0.055	0.510	0	0.860	0.929
HDAC1	HMGB1	9606.ENSP00000362649	9606.ENSP00000345347	0	0	0	0	0.178	0.328	0	0.255	0.553
HDAC1	HTT	9606.ENSP00000362649	9606.ENSP00000347184	0	0	0	0	0.082	0.066	0	0.523	0.555
HDAC1	JUN	9606.ENSP00000362649	9606.ENSP00000360266	0	0	0	0	0.042	0.393	0.500	0.902	0.967
HDAC1	PTEN	9606.ENSP00000362649	9606.ENSP00000361021	0	0	0	0	0.055	0.056	0	0.501	0.516
HDAC1	RAD51	9606.ENSP00000362649	9606.ENSP00000493712	0	0	0	0	0.058	0.071	0	0.412	0.441
HDAC1	TP53BP1	9606.ENSP00000362649	9606.ENSP00000371475	0	0	0	0	0.063	0.071	0	0.425	0.455
HDAC1	MAPK8	9606.ENSP00000362649	9606.ENSP00000378974	0	0	0	0	0.063	0.292	0	0.290	0.488
HDAC1	HIF1A	9606.ENSP00000362649	9606.ENSP00000437955	0	0	0	0	0	0.790	0	0.926	0.983
HDAC1	MYC	9606.ENSP00000362649	9606.ENSP00000478887	0	0	0	0	0.076	0.821	0	0.953	0.991
HIF1A	SIRT1	9606.ENSP00000437955	9606.ENSP00000212015	0	0	0	0	0.083	0.510	0	0.851	0.927
HIF1A	MAPK1	9606.ENSP00000437955	9606.ENSP00000215832	0	0	0	0	0.049	0.626	0.900	0.648	0.985
HIF1A	MDM2	9606.ENSP00000437955	9606.ENSP00000258149	0	0	0	0	0.060	0.839	0	0.929	0.988
HIF1A	TP53	9606.ENSP00000437955	9606.ENSP00000269305	0	0	0	0	0	0.847	0	0.994	0.999
HIF1A	HSPA4	9606.ENSP00000437955	9606.ENSP00000302961	0	0	0	0	0.075	0.837	0	0.626	0.938
HIF1A	PRKDC	9606.ENSP00000437955	9606.ENSP00000313420	0	0	0	0	0.056	0.528	0	0.579	0.796
HIF1A	HSP90AA1	9606.ENSP00000437955	9606.ENSP00000335153	0	0	0	0	0.131	0.923	0	0.994	0.999
HIF1A	KAT5	9606.ENSP00000437955	9606.ENSP00000340330	0	0	0	0	0	0.322	0	0.708	0.793
HIF1A	USP7	9606.ENSP00000437955	9606.ENSP00000343535	0	0	0	0	0	0.510	0	0.323	0.654
HIF1A	HMGB1	9606.ENSP00000437955	9606.ENSP00000345347	0	0	0	0	0.093	0.058	0	0.480	0.517
HIF1A	JUN	9606.ENSP00000437955	9606.ENSP00000360266	0	0	0	0	0.056	0.621	0	0.901	0.961
HIF1A	PTEN	9606.ENSP00000437955	9606.ENSP00000361021	0	0	0	0	0.060	0	0	0.827	0.830
HIF1A	MAPK8	9606.ENSP00000437955	9606.ENSP00000378974	0	0	0	0	0	0	0	0.485	0.485
HIF1A	HIPK2	9606.ENSP00000437955	9606.ENSP00000385571	0	0	0	0	0	0	0	0.571	0.571
HIF1A	NDN	9606.ENSP00000437955	9606.ENSP00000497916	0	0	0	0	0	0.335	0	0.462	0.627
HIF1A	MYC	9606.ENSP00000437955	9606.ENSP00000478887	0	0	0	0	0.091	0.435	0.400	0.982	0.993
HIPK2	SIRT1	9606.ENSP00000385571	9606.ENSP00000212015	0	0	0	0	0	0.314	0	0.372	0.550
HIPK2	MDM2	9606.ENSP00000385571	9606.ENSP00000258149	0	0	0	0	0	0.627	0	0.681	0.876
HIPK2	TP53	9606.ENSP00000385571	9606.ENSP00000269305	0	0	0	0	0	0.867	0.900	0.934	0.999
HIPK2	RCHY1	9606.ENSP00000385571	9606.ENSP00000321239	0	0	0	0	0.052	0.066	0	0.387	0.409
HIPK2	KAT5	9606.ENSP00000385571	9606.ENSP00000340330	0	0	0	0	0.080	0.067	0	0.567	0.595
HIPK2	USP7	9606.ENSP00000385571	9606.ENSP00000343535	0	0	0	0	0.093	0.123	0	0.517	0.583
HIPK2	MDM4	9606.ENSP00000385571	9606.ENSP00000356150	0	0	0	0	0	0.294	0	0.617	0.718
HMGB1	SIRT1	9606.ENSP00000345347	9606.ENSP00000212015	0	0	0	0	0.083	0.306	0	0.509	0.660
HMGB1	MAPK1	9606.ENSP00000345347	9606.ENSP00000215832	0	0	0	0	0.093	0.258	0.500	0.456	0.792
HMGB1	TBP	9606.ENSP00000345347	9606.ENSP00000230354	0	0	0	0	0.086	0.543	0	0.174	0.625
HMGB1	TP53	9606.ENSP00000345347	9606.ENSP00000269305	0	0	0	0	0.089	0.976	0	0.876	0.997
HMGB1	NPM1	9606.ENSP00000345347	9606.ENSP00000296930	0	0	0	0	0.422	0.046	0	0.157	0.495
HMGB1	HSPA4	9606.ENSP00000345347	9606.ENSP00000302961	0	0	0	0	0.079	0.088	0	0.583	0.619
HMGB1	HSP90AA1	9606.ENSP00000345347	9606.ENSP00000335153	0	0	0	0	0.211	0.067	0	0.629	0.703
HMGB1	HTT	9606.ENSP00000345347	9606.ENSP00000347184	0	0	0	0	0.074	0.301	0	0.156	0.407
HMGB1	MYC	9606.ENSP00000345347	9606.ENSP00000478887	0	0	0	0	0.049	0.165	0	0.342	0.433
HMGB1	JUN	9606.ENSP00000345347	9606.ENSP00000360266	0	0	0	0	0.044	0.091	0	0.529	0.555
HSP90AA1	SIRT1	9606.ENSP00000335153	9606.ENSP00000212015	0	0	0	0	0.047	0.394	0	0.686	0.803
HSP90AA1	MAPK1	9606.ENSP00000335153	9606.ENSP00000215832	0	0	0	0	0.057	0.113	0.400	0.897	0.941
HSP90AA1	TBP	9606.ENSP00000335153	9606.ENSP00000230354	0	0	0	0	0.062	0.098	0	0.381	0.430
HSP90AA1	MDM2	9606.ENSP00000335153	9606.ENSP00000258149	0	0	0	0	0.049	0.539	0	0.810	0.909
HSP90AA1	TP53	9606.ENSP00000335153	9606.ENSP00000269305	0	0	0	0	0	0.903	0	0.995	0.999
HSP90AA1	NPM1	9606.ENSP00000335153	9606.ENSP00000296930	0	0	0	0	0.302	0.314	0	0.624	0.804
HSP90AA1	HSPA9	9606.ENSP00000335153	9606.ENSP00000297185	0	0	0	0	0.457	0.587	0	0.829	0.958
HSP90AA1	HSPA4	9606.ENSP00000335153	9606.ENSP00000302961	0	0	0	0	0.529	0.876	0	0.999	0.999
HSP90AA1	PRKDC	9606.ENSP00000335153	9606.ENSP00000313420	0	0	0	0	0.091	0.208	0	0.659	0.733
HSP90AA1	MDM4	9606.ENSP00000335153	9606.ENSP00000356150	0	0	0	0	0.049	0.146	0	0.343	0.419
HSP90AA1	SFN	9606.ENSP00000335153	9606.ENSP00000340989	0	0	0	0	0.126	0.177	0	0.296	0.450
HSP90AA1	RAD51	9606.ENSP00000335153	9606.ENSP00000493712	0.042	0	0	0	0.056	0.182	0	0.402	0.499
HSP90AA1	UBE3A	9606.ENSP00000335153	9606.ENSP00000497594	0	0	0	0	0.067	0	0	0.566	0.577
HSP90AA1	KAT5	9606.ENSP00000335153	9606.ENSP00000340330	0	0	0	0	0	0.201	0	0.566	0.638
HSP90AA1	MAPK8	9606.ENSP00000335153	9606.ENSP00000378974	0	0	0	0	0.049	0.292	0	0.635	0.732
HSP90AA1	HTT	9606.ENSP00000335153	9606.ENSP00000347184	0	0	0	0	0.058	0.540	0	0.527	0.777
HSP90AA1	JUN	9606.ENSP00000335153	9606.ENSP00000360266	0	0	0	0	0.062	0.165	0	0.763	0.798
HSP90AA1	PTEN	9606.ENSP00000335153	9606.ENSP00000361021	0	0	0	0	0.042	0.233	0	0.753	0.803
HSP90AA1	MYC	9606.ENSP00000335153	9606.ENSP00000478887	0	0	0	0	0.062	0.606	0	0.939	0.975
HSPA4	SIRT1	9606.ENSP00000302961	9606.ENSP00000212015	0	0	0	0	0.056	0.316	0	0.532	0.672
HSPA4	MAPK1	9606.ENSP00000302961	9606.ENSP00000215832	0	0	0	0	0.126	0.100	0	0.631	0.685
HSPA4	TBP	9606.ENSP00000302961	9606.ENSP00000230354	0	0	0	0	0.059	0	0	0.434	0.445
HSPA4	MDM2	9606.ENSP00000302961	9606.ENSP00000258149	0	0	0	0	0.049	0.469	0	0.769	0.873
HSPA4	TP53	9606.ENSP00000302961	9606.ENSP00000269305	0	0	0	0	0.050	0.866	0	0.979	0.997
HSPA4	NPM1	9606.ENSP00000302961	9606.ENSP00000296930	0	0	0	0	0.241	0.296	0	0.754	0.857
HSPA4	HSPA9	9606.ENSP00000302961	9606.ENSP00000297185	0	0	0.179	0.693	0.542	0.215	0.500	0.747	0.955
HSPA4	MAPK8	9606.ENSP00000302961	9606.ENSP00000378974	0	0	0	0	0.066	0	0	0.422	0.437
HSPA4	PTEN	9606.ENSP00000302961	9606.ENSP00000361021	0	0	0	0	0	0.050	0	0.651	0.654
HSPA4	JUN	9606.ENSP00000302961	9606.ENSP00000360266	0	0	0	0	0	0.156	0	0.733	0.765
HSPA4	MYC	9606.ENSP00000302961	9606.ENSP00000478887	0	0	0	0	0.064	0.174	0	0.809	0.839
HSPA4	UBE3A	9606.ENSP00000302961	9606.ENSP00000497594	0	0	0	0	0.160	0.510	0	0.863	0.938
HSPA4	HTT	9606.ENSP00000302961	9606.ENSP00000347184	0	0	0	0	0.064	0.091	0	0.954	0.958
HSPA9	TP53	9606.ENSP00000297185	9606.ENSP00000269305	0	0	0	0	0.050	0.836	0	0.990	0.998
HSPA9	NPM1	9606.ENSP00000297185	9606.ENSP00000296930	0	0	0	0	0.299	0.051	0	0.538	0.666
HSPA9	MYC	9606.ENSP00000297185	9606.ENSP00000478887	0	0	0	0	0.076	0.174	0	0.305	0.423
HSPA9	UBE3A	9606.ENSP00000297185	9606.ENSP00000497594	0	0	0	0	0.245	0	0	0.275	0.429
HSPA9	SFN	9606.ENSP00000297185	9606.ENSP00000340989	0	0	0	0	0.081	0.094	0	0.502	0.549
HTT	SIRT1	9606.ENSP00000347184	9606.ENSP00000212015	0	0	0	0	0.105	0.052	0	0.502	0.540
HTT	TBP	9606.ENSP00000347184	9606.ENSP00000230354	0	0	0	0	0.049	0.046	0	0.795	0.798
HTT	MDM2	9606.ENSP00000347184	9606.ENSP00000258149	0	0	0	0	0.103	0.074	0	0.408	0.466
HTT	TP53	9606.ENSP00000347184	9606.ENSP00000269305	0	0	0	0	0	0.307	0.800	0.989	0.998
HTT	PRKDC	9606.ENSP00000347184	9606.ENSP00000313420	0	0	0	0	0.120	0.072	0	0.472	0.532
HTT	UBE3A	9606.ENSP00000347184	9606.ENSP00000497594	0	0	0	0	0.085	0	0	0.375	0.403
HTT	JUN	9606.ENSP00000347184	9606.ENSP00000360266	0	0	0	0	0.083	0.053	0	0.682	0.699
HTT	MAPK8	9606.ENSP00000347184	9606.ENSP00000378974	0	0	0	0	0.107	0	0.900	0.284	0.930
JUN	SIRT1	9606.ENSP00000360266	9606.ENSP00000212015	0	0	0	0	0.044	0.710	0	0.758	0.927
JUN	MAPK1	9606.ENSP00000360266	9606.ENSP00000215832	0	0	0	0	0	0.771	0.900	0.958	0.998
JUN	TBP	9606.ENSP00000360266	9606.ENSP00000230354	0	0	0	0	0	0.547	0	0.527	0.777
JUN	MDM2	9606.ENSP00000360266	9606.ENSP00000258149	0	0	0	0	0.055	0.162	0	0.771	0.803
JUN	TP53	9606.ENSP00000360266	9606.ENSP00000269305	0	0	0	0	0	0.324	0.500	0.992	0.997
JUN	PRKDC	9606.ENSP00000360266	9606.ENSP00000313420	0	0	0	0	0	0.397	0	0.354	0.594
JUN	KAT5	9606.ENSP00000360266	9606.ENSP00000340330	0	0	0	0	0	0.076	0	0.547	0.563
JUN	SFN	9606.ENSP00000360266	9606.ENSP00000340989	0	0	0	0	0	0.902	0	0.354	0.934
JUN	MDM4	9606.ENSP00000360266	9606.ENSP00000356150	0	0	0	0	0.055	0	0	0.517	0.524
JUN	TP53BP1	9606.ENSP00000360266	9606.ENSP00000371475	0	0	0	0	0	0	0	0.535	0.535
JUN	PTEN	9606.ENSP00000360266	9606.ENSP00000361021	0	0	0	0	0	0.077	0	0.766	0.775
JUN	MYC	9606.ENSP00000360266	9606.ENSP00000478887	0	0	0	0	0.079	0.626	0	0.922	0.970
JUN	MAPK8	9606.ENSP00000360266	9606.ENSP00000378974	0	0	0	0	0.049	0.997	0.900	0.978	0.999
KAT5	SIRT1	9606.ENSP00000340330	9606.ENSP00000212015	0	0	0	0	0.077	0.665	0	0.805	0.934
KAT5	TBP	9606.ENSP00000340330	9606.ENSP00000230354	0	0	0	0	0.089	0	0.500	0.570	0.787
KAT5	RPA1	9606.ENSP00000340330	9606.ENSP00000254719	0	0	0	0	0.049	0	0.500	0.179	0.575
KAT5	MDM2	9606.ENSP00000340330	9606.ENSP00000258149	0	0	0	0	0	0.735	0	0.696	0.915
KAT5	TP53	9606.ENSP00000340330	9606.ENSP00000269305	0	0	0	0	0	0.837	0.500	0.961	0.996
KAT5	PRKDC	9606.ENSP00000340330	9606.ENSP00000313420	0	0	0	0	0.074	0.292	0.500	0.781	0.918
KAT5	RCHY1	9606.ENSP00000340330	9606.ENSP00000321239	0	0	0	0	0	0.474	0	0.585	0.772
KAT5	MAPK8	9606.ENSP00000340330	9606.ENSP00000378974	0	0	0	0	0.049	0	0.500	0.148	0.559
KAT5	RAD51	9606.ENSP00000340330	9606.ENSP00000493712	0	0	0	0	0	0.125	0.500	0.493	0.759
KAT5	TP53BP1	9606.ENSP00000340330	9606.ENSP00000371475	0	0	0	0	0.058	0	0.500	0.610	0.800
KAT5	USP7	9606.ENSP00000340330	9606.ENSP00000343535	0	0	0	0	0.068	0.793	0	0.679	0.932
KAT5	MYC	9606.ENSP00000340330	9606.ENSP00000478887	0	0	0	0	0	0.676	0	0.925	0.974
MAPK1	UBE3A	9606.ENSP00000215832	9606.ENSP00000497594	0	0	0	0	0.095	0.292	0	0.158	0.413
MAPK1	NPM1	9606.ENSP00000215832	9606.ENSP00000296930	0	0	0	0	0.045	0	0.400	0.225	0.518
MAPK1	MDM2	9606.ENSP00000215832	9606.ENSP00000258149	0	0	0	0	0.049	0.050	0	0.629	0.635
MAPK1	PTEN	9606.ENSP00000215832	9606.ENSP00000361021	0	0	0	0	0.061	0.216	0	0.597	0.677
MAPK1	MAPK8	9606.ENSP00000215832	9606.ENSP00000378974	0	0	0.066	0.882	0.079	0	0.400	0.568	0.747
MAPK1	MYC	9606.ENSP00000215832	9606.ENSP00000478887	0	0	0	0	0	0.643	0.900	0.582	0.983
MAPK1	TP53	9606.ENSP00000215832	9606.ENSP00000269305	0	0	0	0	0.045	0.806	0.900	0.912	0.998
MAPK8	SIRT1	9606.ENSP00000378974	9606.ENSP00000212015	0	0	0	0	0.248	0.317	0	0.512	0.727
MAPK8	MDM2	9606.ENSP00000378974	9606.ENSP00000258149	0	0	0	0	0.070	0	0	0.392	0.410
MAPK8	TP53	9606.ENSP00000378974	9606.ENSP00000269305	0	0	0	0	0.086	0.845	0.900	0.861	0.997
MAPK8	PRKDC	9606.ENSP00000378974	9606.ENSP00000313420	0	0	0	0	0.049	0.292	0	0.215	0.425
MAPK8	PTEN	9606.ENSP00000378974	9606.ENSP00000361021	0	0	0	0	0.083	0.114	0	0.659	0.699
MAPK8	MYC	9606.ENSP00000378974	9606.ENSP00000478887	0	0	0	0	0	0.292	0	0.547	0.666
MDM2	SIRT1	9606.ENSP00000258149	9606.ENSP00000212015	0	0	0	0	0	0.292	0	0.592	0.699
MDM2	TBP	9606.ENSP00000258149	9606.ENSP00000230354	0	0	0	0	0.049	0.515	0	0.564	0.781
MDM2	RAD51	9606.ENSP00000258149	9606.ENSP00000493712	0	0	0	0	0.062	0	0	0.419	0.431
MDM2	PRKDC	9606.ENSP00000258149	9606.ENSP00000313420	0	0	0	0	0.049	0	0	0.534	0.537
MDM2	PPP1R13L	9606.ENSP00000258149	9606.ENSP00000354218	0	0	0	0	0	0	0	0.623	0.623
MDM2	TP53BP1	9606.ENSP00000258149	9606.ENSP00000371475	0	0	0	0	0	0	0	0.681	0.681
MDM2	UBE3A	9606.ENSP00000258149	9606.ENSP00000497594	0	0	0	0	0.127	0.292	0	0.579	0.717
MDM2	MYC	9606.ENSP00000258149	9606.ENSP00000478887	0	0	0	0	0	0.221	0	0.770	0.813
MDM2	PTEN	9606.ENSP00000258149	9606.ENSP00000361021	0	0	0	0	0.069	0.045	0.400	0.838	0.902
MDM2	RCHY1	9606.ENSP00000258149	9606.ENSP00000321239	0	0	0	0	0	0.601	0	0.815	0.923
MDM2	NPM1	9606.ENSP00000258149	9606.ENSP00000296930	0	0	0	0	0.074	0.785	0	0.880	0.974
MDM2	SFN	9606.ENSP00000258149	9606.ENSP00000340989	0	0	0	0	0	0.948	0	0.799	0.989
MDM2	USP7	9606.ENSP00000258149	9606.ENSP00000343535	0	0	0	0	0.060	0.925	0.500	0.995	0.999
MDM2	MDM4	9606.ENSP00000258149	9606.ENSP00000356150	0	0	0	0.788	0.098	0.999	0.900	0.986	0.999
MDM2	TP53	9606.ENSP00000258149	9606.ENSP00000269305	0	0	0	0	0.116	0.999	0.900	0.999	0.999
MDM4	TBP	9606.ENSP00000356150	9606.ENSP00000230354	0	0	0	0	0.044	0.046	0	0.427	0.432
MDM4	TP53	9606.ENSP00000356150	9606.ENSP00000269305	0	0	0	0	0.093	0.999	0.900	0.998	0.999
MDM4	RCHY1	9606.ENSP00000356150	9606.ENSP00000321239	0	0	0	0	0	0.292	0	0.576	0.686
MDM4	SFN	9606.ENSP00000356150	9606.ENSP00000340989	0	0	0	0	0	0.948	0	0.575	0.977
MDM4	USP7	9606.ENSP00000356150	9606.ENSP00000343535	0	0	0	0	0	0.790	0.500	0.767	0.973
MDM4	UBE3A	9606.ENSP00000356150	9606.ENSP00000497594	0	0	0	0	0.060	0.292	0	0.286	0.483
MDM4	MYC	9606.ENSP00000356150	9606.ENSP00000478887	0	0	0	0	0.042	0	0	0.507	0.507
MDM4	RAD51	9606.ENSP00000356150	9606.ENSP00000493712	0	0	0	0	0.062	0	0	0.519	0.529
MDM4	PTEN	9606.ENSP00000356150	9606.ENSP00000361021	0	0	0	0	0.074	0.045	0.400	0.555	0.732
MYC	SIRT1	9606.ENSP00000478887	9606.ENSP00000212015	0	0	0	0	0.066	0.625	0	0.633	0.860
MYC	TBP	9606.ENSP00000478887	9606.ENSP00000230354	0	0	0	0	0.055	0.510	0	0.907	0.953
MYC	TP53	9606.ENSP00000478887	9606.ENSP00000269305	0	0	0	0	0.067	0.300	0	0.997	0.997
MYC	NPM1	9606.ENSP00000478887	9606.ENSP00000296930	0	0	0	0	0.092	0.311	0	0.848	0.896
MYC	PRKDC	9606.ENSP00000478887	9606.ENSP00000313420	0	0	0	0	0.085	0.451	0	0.508	0.731
MYC	SFN	9606.ENSP00000478887	9606.ENSP00000340989	0	0	0	0	0.075	0	0	0.395	0.416
MYC	USP7	9606.ENSP00000478887	9606.ENSP00000343535	0	0	0	0	0	0.609	0	0.479	0.787
MYC	PTEN	9606.ENSP00000478887	9606.ENSP00000361021	0	0	0	0	0.044	0.317	0	0.870	0.908
MYC	TP53BP1	9606.ENSP00000478887	9606.ENSP00000371475	0	0	0	0	0	0.518	0	0.507	0.752
MYC	RAD51	9606.ENSP00000478887	9606.ENSP00000493712	0	0	0	0	0.067	0	0	0.570	0.581
MYC	UBE3A	9606.ENSP00000478887	9606.ENSP00000497594	0	0	0	0	0	0.124	0	0.929	0.935
NDN	SIRT1	9606.ENSP00000497916	9606.ENSP00000212015	0	0	0	0	0	0.317	0	0.736	0.812
NDN	TP53	9606.ENSP00000497916	9606.ENSP00000269305	0	0	0	0	0	0.782	0.750	0.980	0.998
NDN	UBE3A	9606.ENSP00000497916	9606.ENSP00000497594	0	0	0	0	0.045	0	0	0.800	0.801
NPM1	SIRT1	9606.ENSP00000296930	9606.ENSP00000212015	0	0	0	0	0.049	0.369	0	0.258	0.516
NPM1	RPA1	9606.ENSP00000296930	9606.ENSP00000254719	0	0	0	0	0.210	0.076	0	0.350	0.484
NPM1	TP53	9606.ENSP00000296930	9606.ENSP00000269305	0	0	0	0	0.124	0.847	0.500	0.967	0.997
NPM1	PRKDC	9606.ENSP00000296930	9606.ENSP00000313420	0	0	0	0	0.087	0	0	0.391	0.421
NPM1	RAD51	9606.ENSP00000296930	9606.ENSP00000493712	0	0	0	0	0.243	0	0	0.272	0.426
NPM1	TP53BP2	9606.ENSP00000296930	9606.ENSP00000341957	0	0	0	0	0.062	0	0	0.425	0.438
NPM1	PTEN	9606.ENSP00000296930	9606.ENSP00000361021	0	0	0	0	0	0	0	0.507	0.507
PPP1R13L	TP53	9606.ENSP00000354218	9606.ENSP00000269305	0	0	0	0	0.044	0.984	0.500	0.910	0.999
PPP1R13L	TP53BP2	9606.ENSP00000354218	9606.ENSP00000341957	0	0	0	0.710	0	0	0	0.465	0.465
PRKDC	RPA1	9606.ENSP00000313420	9606.ENSP00000254719	0	0	0	0	0.067	0.628	0	0.577	0.840
PRKDC	TP53	9606.ENSP00000313420	9606.ENSP00000269305	0	0	0	0	0.042	0.869	0.900	0.807	0.997
PRKDC	PTEN	9606.ENSP00000313420	9606.ENSP00000361021	0	0	0	0	0.056	0.103	0	0.422	0.468
PRKDC	RAD51	9606.ENSP00000313420	9606.ENSP00000493712	0	0	0	0	0.098	0.065	0	0.807	0.823
PRKDC	TP53BP1	9606.ENSP00000313420	9606.ENSP00000371475	0	0	0	0	0.058	0	0.500	0.795	0.895
PTEN	SIRT1	9606.ENSP00000361021	9606.ENSP00000212015	0	0	0	0	0.191	0.103	0	0.692	0.757
PTEN	TP53	9606.ENSP00000361021	9606.ENSP00000269305	0	0	0	0	0.067	0.748	0.900	0.968	0.999
PTEN	USP7	9606.ENSP00000361021	9606.ENSP00000343535	0	0	0	0	0.088	0.796	0.500	0.800	0.979
PTEN	TP53BP1	9606.ENSP00000361021	9606.ENSP00000371475	0	0	0	0	0.140	0.334	0	0.393	0.622
PTEN	RAD51	9606.ENSP00000361021	9606.ENSP00000493712	0	0	0	0	0	0.516	0	0.522	0.759
PTEN	UBE3A	9606.ENSP00000361021	9606.ENSP00000497594	0	0	0	0	0.073	0	0.900	0.604	0.960
RAD51	SIRT1	9606.ENSP00000493712	9606.ENSP00000212015	0	0	0	0	0	0.052	0	0.630	0.634
RAD51	RPA1	9606.ENSP00000493712	9606.ENSP00000254719	0.061	0	0	0	0.338	0.936	0.500	0.837	0.996
RAD51	TP53	9606.ENSP00000493712	9606.ENSP00000269305	0	0	0	0	0.135	0.884	0	0.995	0.999
RAD51	TP53BP1	9606.ENSP00000493712	9606.ENSP00000371475	0	0	0	0	0.057	0.398	0	0.903	0.940
RCHY1	SIRT1	9606.ENSP00000321239	9606.ENSP00000212015	0	0	0	0	0.092	0	0	0.479	0.506
RCHY1	RPA1	9606.ENSP00000321239	9606.ENSP00000254719	0	0	0	0	0.049	0	0.500	0	0.504
RCHY1	TP53	9606.ENSP00000321239	9606.ENSP00000269305	0	0	0	0	0	0.887	0.900	0.897	0.998
RCHY1	UBE3A	9606.ENSP00000321239	9606.ENSP00000497594	0	0	0	0	0.067	0	0	0.461	0.475
RCHY1	USP7	9606.ENSP00000321239	9606.ENSP00000343535	0	0	0	0	0.049	0	0	0.507	0.511
RPA1	SIRT1	9606.ENSP00000254719	9606.ENSP00000212015	0	0	0	0	0.089	0.317	0	0.130	0.412
RPA1	TP53BP1	9606.ENSP00000254719	9606.ENSP00000371475	0	0	0	0	0.112	0.658	0	0.614	0.873
RPA1	TP53	9606.ENSP00000254719	9606.ENSP00000269305	0	0	0	0	0.117	0.982	0.400	0.932	0.999
SFN	TP53	9606.ENSP00000340989	9606.ENSP00000269305	0	0	0	0	0	0.981	0.750	0.859	0.999
SIRT1	TP53BP1	9606.ENSP00000212015	9606.ENSP00000371475	0	0	0	0	0	0.291	0	0.412	0.565
SIRT1	USP7	9606.ENSP00000212015	9606.ENSP00000343535	0	0	0	0	0.105	0.292	0	0.369	0.565
SIRT1	TBP	9606.ENSP00000212015	9606.ENSP00000230354	0	0	0	0	0.074	0	0.400	0.578	0.745
SIRT1	TP53	9606.ENSP00000212015	9606.ENSP00000269305	0	0	0	0	0	0.886	0.900	0.990	0.999
TBP	TP53	9606.ENSP00000230354	9606.ENSP00000269305	0	0	0	0	0.095	0.867	0.400	0.972	0.997
TP53	TP53BP2	9606.ENSP00000269305	9606.ENSP00000341957	0	0	0	0	0	0.988	0.500	0.996	0.999
TP53	UBE3A	9606.ENSP00000269305	9606.ENSP00000497594	0	0	0	0	0	0.923	0.900	0.993	0.999
TP53	USP7	9606.ENSP00000269305	9606.ENSP00000343535	0	0	0	0	0	0.975	0.900	0.973	0.999
TP53	TP53BP1	9606.ENSP00000269305	9606.ENSP00000371475	0	0	0	0	0	0.993	0	0.997	0.999
TP53BP1	TP53BP2	9606.ENSP00000371475	9606.ENSP00000341957	0	0	0	0	0.045	0	0	0.756	0.757
TP53BP1	USP7	9606.ENSP00000371475	9606.ENSP00000343535	0	0	0	0	0.104	0	0	0.579	0.606
UBE3A	USP7	9606.ENSP00000497594	9606.ENSP00000343535	0	0	0	0	0.140	0	0	0.438	0.496
